theta0,theta1,theta2,cost
0.003998635140897391,0.028007955989556924,0.02806377673322346,48.500814974964314
0.00793730429560827,0.05538777815160699,0.05573761271970476,46.98364925137943
0.011817562848311156,0.08215418384280061,0.08302620366810787,45.520805667101484
0.01564092513426838,0.10832153179336176,0.10993421107021031,44.110235265845304
0.019408865523709178,0.1339038310963969,0.1364662616650986,42.74997100784095
0.023122819477091456,0.15891474996752433,0.16262694694058918,41.43812429142669
0.02678418457249763,0.18336762428076975,0.18842082267052135,40.17288163087188
0.030394321505900476,0.2072754658865118,0.2138524084866118,38.952501482900715
0.03395455506501568,0.23065097071711552,0.23892618748360012,37.77531121508564
0.03746617507743818,0.2535065266857413,0.2636466058564516,36.63970420940244
0.04093043733374192,0.27585422138367677,0.2880180725684268,35.544137094639915
0.044348564486203626,0.29770584958139734,0.31204495904886,34.48712710161168
0.04772174692379466,0.3190729205384258,0.33573159891952503,33.46724953557202
0.051051143624067624,0.33996666512693186,0.3590822877485065,32.483135360199434
0.054337882982547735,0.3603980427738795,0.38210128283052114,31.533468888166198
0.05758306362022299,0.38037774822640935,0.40479280299267384,30.61698557320333
0.06078775516971177,0.3999162181450165,0.4271610284246602,29.732469899063904
0.0639529990406705,0.4190236375289702,0.4492101005324616,28.87875336086665
0.06707980916499008,0.43770994597830265,0.4709441218146061,28.05471253458035
0.0701691727223143,0.4559848437965823,0.49236715576010104,27.259267230608376
0.07322205084640028,0.47385779793857824,0.5134832267671694,26.49137872758735
0.07623937931282673,0.49133804780681584,0.534296320081949,25.750048082758966
0.07922206920854248,0.5084346109009155,0.554810381756344,25.034314515402478
0.0821710075837349,0.5251562883235122,0.5750293186242397,24.34325385999009
0.08508705808648517,0.5415116701464487,0.5949569982953207,23.675977085908954
0.08797106158066478,0.5575091406408409,0.6145972491657543,23.031628880713324
0.09082383674751596,0.5731568833745225,0.6339538604450273,22.409386294046968
0.09364618067134689,0.5884628861802822,0.6530305821982445,21.80845743946341
0.09643886940976108,0.6034349459982186,0.6718311254032217,21.22808025156338
0.09920265854882936,0.6180806735954527,0.6903591620217291,20.667521295942226
0.10193828374360217,0.6324074981663527,0.7086183250842589,20.12607462958139
0.10464646124434925,0.6464226718163429,0.726612208787712,19.60306070941303
0.10732788840890348,0.660133273932292,0.7443443686054226,19.097825346921265
0.10998324420147608,0.6735462154423939,0.7618183214089524,18.609738706710704
0.11261318967830021,0.6866682429683819,0.7790375456011108,18.138194347091112
0.11521836846045082,0.6995059428728423,0.7960054812596722,17.68260830081659
0.11779940719417951,0.7120657452043201,0.8127255302912796,17.242418194184822
0.12035691599909404,0.7243539275428434,0.8292010565950422,16.81708240282168
0.1228914889045032,0.7363766187484205,0.8454353862353499,16.40607924251169
0.1254037042742402,0.7481398026149992,0.8614318076234447,16.008906193554385
0.12789412522026797,0.7596493214323167,0.8771935717073036,15.625079157147873
0.13036330000536356,0.7709108794579975,0.892723892169404,15.254131742424466
0.13281176243516904,0.7819300463022054,0.9080259456319558,14.895614582779341
0.13524003223989048,0.7927122602270863,0.9231028718692018,14.549094680226059
0.13764861544591803,0.8032628313631887,0.9379577740263959,14.214154776554757
0.14003800473763328,0.8135869448449861,0.9525937188450889,13.89039275012595
0.14240867980966293,0.8236896638675749,0.9670137368943608,13.577421037213329
0.14476110770983136,0.8335759326665638,0.9812208228076503,13.274866076802311
0.14709574317305732,0.8432505794231214,0.9952179355248489,12.982367777860649
0.14941302894643424,0.8527183190960965,1.0090079985393325,12.699579008102855
0.15171339610572665,0.8619837561830767,1.0225939001496218,12.426165103332563
0.15399726436350952,0.8710513874122007,1.0359784937153673,12.161803396483574
0.15626504236917146,0.8799256043664963,1.0491645979173723,11.90618276551633
0.15851712800099604,0.8886106960424663,1.0621549970213706,11.659003199367605
0.16075390865053094,0.8971108513446029,1.074952441145292,11.419975381198284
0.16297576149944837,0.9054301615174652,1.0875596465297546,11.188820288184724
0.1651830537890951,0.9135726225169161,1.099979295811535,10.965268807188634
0.16737614308292506,0.9215421373220677,1.1122140382997743,10.749061365598573
0.16955537752200253,0.9293425181894505,1.1242664902546875,10.53994757674195
0.17172109607375882,0.9369774888508782,1.136139235168556,10.337685899229925
0.17387362877418072,0.9444506866564435,1.1478348240487848,10.142043309671225
0.17601329696360404,0.9517656646640428,1.1593557757028203,9.952794988187398
0.17814041351628127,0.9589258936767933,1.1707045770247289,9.769724016200483
0.1802552830638874,0.9659347642296668,1.1818836832832444,9.592621085991858
0.1823582022131245,0.9727955885266358,1.1928955184111036,9.421284221527191
0.18444945975758034,0.9795116023295883,1.2037424752954895,9.255518510106088
0.18652933688399337,0.9860859668002403,1.2144269160694152,9.095135844373397
0.18859810737307106,0.9925217702962396,1.224951172403885,8.939954674274697
0.19065603779500614,0.9988220301226264,1.2353175458006764,8.789799768547406
0.19270338769983023,1.0049896942397842,1.2455283078855928,8.644501985360645
0.19474040980274135,1.011027642928986,1.2555857007020428,8.50389805172929
0.1967673501645382,1.0169386904166127,1.2654919370048083,8.367830351343338
0.19878444836729017,1.0227255864580929,1.2752492005538696,8.236146720481747
0.200791937685369,1.0283910178825846,1.2848596464081596,8.108700251668525
0.20279004525196442,1.033937610099396,1.2943254012191272,7.98534910477515
0.20477899222120355,1.0393679285671138,1.3036485635239914,7.865956325263256
0.20675899392598923,1.044684480226385,1.3128312040385777,7.750389669273817
0.2087302600316712,1.0498897148972717,1.3218753659496278,7.638521435308532
0.21069299468565975,1.0549860266420772,1.3307830652064838,7.53022830221662
0.21264739666308893,1.0599757550945157,1.339556290812046,7.425391173257703
0.2145936595086339,1.0648611867560784,1.348197005112915,7.323895025987836
0.21653197167458368,1.0696445562604247,1.3567071440886285,7.2256287677388
0.21846251665526842,1.074328047606606,1.3650886176399069,7.1304850964746755
0.22038547311793732,1.0789137953619115,1.3733433098758296,7.038360366814743
0.22230101503018093,1.0834038858351014,1.381473079399864,6.949154461008054
0.22420931178398915,1.0878003582207758,1.3894797595946742,6.862770664685605
0.22611052831653364,1.0921052057156073,1.397365158905641,6.779115547184383
0.22800482522776136,1.096320376607147,1.4051310611230272,6.698098846277098
0.22989235889488305,1.1004477753358957,1.4127792256627234,6.619633357131545
0.23177328158383914,1.104489263531313,1.4203113878455196,6.5436348253378736
0.2336477415578225,1.1084466610224224,1.4277292591748416,6.470021843845504
0.23551588318293587,1.1123217468236493,1.4350345276129022,6.398715753656972
0.23737784703105982,1.1161162600965182,1.4422288578552154,6.329640548135624
0.2392337699800045,1.1198319010878144,1.4493138916034274,6.262722780794452
0.24108378531101732,1.123470332044802,1.4562912478364176,6.197891476419676
0.24292802280371606,1.1270331781080758,1.4631625230796304,6.135078045413805
0.24476660882851559,1.1305220281826067,1.4699292916725946,6.074216201230879
0.24659966643661424,1.1339384357875315,1.476593106034597,6.015241880783636
0.2484273154476045,1.1372839198852167,1.483155496928472,5.958093167715988
0.2502496725347703,1.1405599656901189,1.4896179737224777,5.902710218426219
0.25206685130813267,1.1437680254579465,1.4959820246502247,5.849035190743948
0.2538789623953023,1.1469095192556176,1.502249117068632,5.797012175152062
0.25568611352019793,1.1499858357124937,1.508420697713884,5.746587128466623
0.25748840957968633,1.1529983327533593,1.5144981929553605,5.697707809879568
0.25928595271819843,1.1559483383136029,1.5204830090475219,5.6503237192703235
0.2610788424003761,1.1588371510370448,1.5263765323797265,5.6043860377133905
0.26286717548180033,1.1616660409568456,1.5321801297239614,5.559847570090026
0.2646510462778526,1.1644362501599181,1.5378951484804693,5.516662689725901
0.26643054663075777,1.167148993435254,1.543522916921256,5.474787284993049
0.26820576597485724,1.1698054589065663,1.549064744431467,5.434178707782147
0.2699767914001586,1.1724068086496415,1.554521921748614,5.394795723794531
0.2717437077142078,1.1749541792947777,1.559895721199649,5.356598464580254
0.27350659750232736,1.1774486826146848,1.5651873969358685,5.3195483812527495
0.2752655411862647,1.1798914060982058,1.5703981851656443,5.283608199828878
0.2770206170812918,1.182283413510214,1.5755293043849714,5.248741878126819
0.2787719014517974,1.184625745438029,1.580581955605828,5.214914564169597
0.2805194685654119,1.186919419824685,1.585557322582343,5.1820925560361575
0.2822633907457025,1.189165432489383,1.5904565720347654,5.150243263110084
0.2840037384234781,1.1913647576354378,1.595280853871238,5.119335168673733
0.28574058018673903,1.1935183483460372,1.6000313014073662,5.089337793800095
0.2874739828293086,1.1956271370681113,1.6047090315835895,5.060221662492396
0.28920401139818014,1.1976920360846075,1.6093151451803507,5.031958268033919
0.2909307292396148,1.1997139379754598,1.6138507270310665,5.004520040492919
0.29265419804402193,1.2016937160675303,1.6183168462329,4.977880315355203
0.2943744778896544,1.2036322248737974,1.6227145563553416,4.952013303229642
0.29609162728515087,1.2055303005220555,1.6270448956465968,4.926894060599691
0.2978057032109548,1.2073887611733856,1.6313088872377923,4.902498461575947
0.29951676115963977,1.20920840743065,1.6355075393449985,4.878803170620958
0.3012248551751705,1.210990022737257,1.6396418454690804,4.855785616204742
0.3029300378911272,1.2127343737664351,1.643712784593381,4.833423965360136
0.30463236056792103,1.2144422108012516,1.647721321379244,4.811697099111101
0.30633187312902677,1.2161142681056019,1.6516684063593854,4.7905845887359995
0.30802862419625937,1.2177512642863948,1.655554976129121,4.770066672839392
0.30972266112411895,1.2193539026471472,1.6593819535354617,4.750124235206166
0.31141403003322926,1.2209228715332014,1.6631502478640807,4.730738783403873
0.3131027758428933,1.2224588446687703,1.6668607550241703,4.711892428117536
0.3147889423027896,1.2239624814860102,1.6705143577311912,4.693567863178063
0.3164725720238317,1.2254344274463196,1.6741119256875314,4.675748346272159
0.3181537065082131,1.2268753143540512,1.6776543157610826,4.658417680301677
0.31983238617865883,1.2282857606628252,1.681142372161747,4.641560195373726
0.32150865040690507,1.2296663717746248,1.6845769266158872,4.625160731398376
0.32318253754142684,1.2310177403318499,1.6879587985387312,4.609204621271787
0.3248540849344338,1.2323404465025019,1.6912887952047453,4.593677674629731
0.3265233289681533,1.2336350582586673,1.6945677119159885,4.578566162140109
0.32819030508041974,1.2349021316484627,1.697796332168463,4.563856800331702
0.32985504778958835,1.2361422110616038,1.700975427816471,4.549536736924588
0.33151759071879133,1.237355829488749,1.7041057592349966,4.535593536658191
0.33317796661955373,1.238543508774775,1.7071880754801245,4.522015167591139
0.33483620739478576,1.2397057598661272,1.7102231144475093,4.508789987859277
0.33649234412116846,1.2408430830523924,1.7132116030289122,4.495906732879341
0.33814640707094823,1.2419559682022334,1.7161542572668194,4.483354502975629
0.33979842573315605,1.2430448949938206,1.7190517825071565,4.471122751423889
0.3414484288342668,1.244110333139898,1.7219048735501155,4.459201272890331
0.3430964443583128,1.2451527426076099,1.7247142147991077,4.447580192259917
0.34474249956646713,1.246172573833219,1.7274804804078625,4.436249953830822
0.34638662101610906,1.2471702679318357,1.7302043344256817,4.425201310873116
0.34802883457938727,1.2481462569022834,1.732886430940871,4.414425315531902
0.34966916546129223,1.2491009638272144,1.7355274142223605,4.403913309067385
0.351307638217252,1.2500348030685924,1.7381279188595329,4.39365691241555
0.35294427677026347,1.2509481804586544,1.7406885699002745,4.383648017064955
0.35457910442757123,1.2518414934864595,1.7432099829872645,4.373878776234713
0.35621214389690653,1.252715131480131,1.7456927644925195,4.364341596342703
0.35784341730229735,1.253569475784899,1.748137511650212,4.355029128758458
0.35947294619946113,1.254404899937038,1.7505448126877736,4.345934261827181
0.3611007515907915,1.2552217698338062,1.7529152469553053,4.337050113156114
0.36272685393994913,1.2560204438994755,1.7552493850533077,4.328370022158141
0.3643512731860675,1.2568012732475515,1.7575477889587487,4.319887542838355
0.365974028757584,1.257564601839271,1.7598110121494857,4.311596436819742
0.36759513958570544,1.2583107666384692,1.7620395997270568,4.303490666599349
0.36921462411751876,1.2590400977629017,1.764234088537861,4.295564389023307
0.37083250032875525,1.259752918632107,1.7663950072927395,4.287811948980434
0.3724487857362179,1.260449546111892,1.7685228766849788,4.2802278732984895
0.3740634974098812,1.2611302906555217,1.7706182095067484,4.272806864846161
0.37567665198467076,1.2617954564416909,1.7726815107639926,4.265543796822793
0.3772882656719329,1.2624453415093555,1.7747132777897905,4.258433707240922
0.378898354270601,1.263080237889498,1.7767140003562012,4.251471793585177
0.38050693317806705,1.2637004317339007,1.7786841607846113,4.244653407649416
0.38211401740076684,1.2643062034409958,1.7806242340546006,4.237974050540176
0.38371962156448514,1.2648978277788652,1.78253468791134,4.2314293678461
0.3853237599243892,1.265475574005455,1.7844159829715422,4.225015144962963
0.3869264463747976,1.2660397059860722,1.7862685728279768,4.218727302574003
0.3885276944586909,1.266590482308227,1.788092904152568,4.2125618922753
0.39012751737697143,1.2671281563938852,1.7898894167980914,4.206515092346197
0.3917259279974789,1.2676529766091904,1.791658543898484,4.200583203656174
0.3933229388637679,1.2681651863717165,1.7934007119677833,4.194762645706251
0.3949185622036537,1.2686650242553092,1.7951163409977142,4.189049952797934
0.39651280993753246,1.2691527240925728,1.796805844553934,4.183441770329707
0.3981056936864823,1.2696285150750581,1.7984696298709573,4.177934851211125
0.39969722478014996,1.2700926218512059,1.8001080979457689,4.1725260523953995
0.40128741426442976,1.270545264622098,1.801721643630148,4.167212331524687
0.4028762729089397,1.2709866592350694,1.8033106557217127,4.161990743683541
0.40446381121430036,1.2714170172752282,1.8048755170537023,4.156858438258837
0.40605003941922174,1.2718365461549364,1.8064166045835133,4.151812655901428
0.40763496750740297,1.2722454492012973,1.807934289480002,4.146850725586301
0.4092186052142499,1.2726439257416962,1.8094289372095698,4.141970061768488
0.41080096203341576,1.2730321711874397,1.810900907621047,4.137168161631257
0.4123820472231686,1.2734103771155407,1.8123505550293857,4.132442602422672
0.41396186981259153,1.2737787313486877,1.8137782282981816,4.127791038880385
0.4155404386076183,1.274137418033446,1.815184270921035,4.123211200737209
0.41711776219691077,1.2744866177167273,1.8165690211017673,4.118700890310896
0.41869384895758033,1.274826507420573,1.8179328118335056,4.114257980168795
0.42026870706075886,1.2751572607152837,1.8192759709766522,4.1098804108698195
0.42184234447702246,1.275479047790942,1.8205988213357491,4.105566188779721
0.42341476898167224,1.2757920355273575,1.8219016807352548,4.101313383955711
0.4249859881598756,1.276096387562477,1.8231848620942452,4.097120128100273
0.4265560094116719,1.2763922643592898,1.8244486735000518,4.092984612581722
0.4281248399568461,1.2766798232712702,1.8256934182808526,4.088905086517705
0.4296924868396737,1.2769592186063827,1.8269193950772276,4.084879854921376
0.43125895693354077,1.2772306016896906,1.8281268979126908,4.080907276906463
0.4328242569454414,1.2774941209245938,1.829316216263216,4.0769857639513685
0.4343883934203574,1.2777499218527333,1.8304876351257642,4.073113778219027
0.43595137274552165,1.2779981472125885,1.8316414350858294,4.069289830930323
0.43751320115456943,1.2782389369968001,1.8327778923840132,4.065512480791782
0.43907388473157993,1.2784724285082463,1.8338972789816421,4.061780332470698
0.44063342941501144,1.2786987564149022,1.8349998626254396,4.058092035122961
0.4421918410015324,1.2789180528035093,1.8360859069112643,4.054446280966267
0.44374912514975157,1.2791304472320835,1.8371556713469284,4.05084180389948
0.4453052873838496,1.2793360667812865,1.8382094114141068,4.047277378167489
0.4468603330971151,1.2795350361046884,1.8392473786293502,4.0437518170675855
0.44841426755538705,1.2797274774779452,1.8402698206042118,4.040263971699848
0.4499670959004066,1.2799135108469177,1.841276981104503,4.036812729753695
0.4515188231530805,1.2800932538747543,1.8422691001086862,4.033397014338793
0.45306945421665823,1.280266821987962,1.8432464138654168,4.030015782847417
0.4546189938798254,1.2804343284214892,1.8442091549502488,4.026668025860801
0.4561674468197156,1.2805958842628409,1.845157552321511,4.02335276608339
0.45771481760484284,1.2807515984952507,1.846091831375367,4.0200690573163556
0.45926111069795633,1.280901578039929,1.847012214000071,4.016815983461197
0.4608063304588203,1.2810459277974104,1.8479189186294285,4.013592657556978
0.4623504811469204,1.2811847506880163,1.8488121602954717,4.010398220848877
0.46389356692409844,1.281318147691459,1.8496921506803645,4.007231841884327
0.465435591857118,1.2814462178856023,1.850559098167543,4.004092715640759
0.4669765599201623,1.2815690584843977,1.8514132078921046,4.0009800626795045
0.4685164749972657,1.281686764875017,1.8522546817904546,3.9978931283288253
0.47005534088468176,1.2817994306541973,1.853083718649221,3.9948311818898747
0.47159316129318846,1.2819071476638175,1.8539005141534486,3.991793515872411
0.4731299398503326,1.2820100060257231,1.8547052609340795,3.9887794452517165
0.474665680102615,1.282108094175815,1.8554981486147333,3.985788306750937
0.4762003855176183,1.2822014988974202,1.8562793638577941,3.982819458145496
0.4777340594860783,1.2822903053539616,1.8570490904098143,3.9798722775907063
0.47926670532390087,1.2823745971209382,1.8578075091462463,3.976946162970448
0.4807983262741257,1.2824544562172355,1.8585547981155093,3.9740405312663767
0.48232892550883805,1.28252996313578,1.8592911325824015,3.9711548179497353
0.48385850613103015,1.2826011968735498,1.8600166850708677,3.9682884763874933
0.4853870711764137,1.282668234960959,1.8607316254061286,3.965440977273007
0.4869146236151844,1.2827311534906287,1.8614361207561843,3.962611808072905
0.48844116635373985,1.2827900271455563,1.8621303356726973,3.9598004724898233
0.48996670223635236,1.2828449292266995,1.862814432131267,3.9570064899451025
0.49149123404679745,1.2828959316799853,1.8634885695711012,3.9542293950769203
0.4930147645099396,1.2829431051227593,1.8641529049340952,3.9514687372536565
0.49453729629327586,1.2829865188696845,1.8648075927033265,3.9487240801051784
0.4960588320084392,1.2830262409581048,1.8654527849409719,3.9459950010657177
0.49757937421266185,1.2830623381728823,1.8660886313256575,3.9432810909347342
0.49909892541020023,1.2830948760707226,1.8667152791892487,3.9405819534497146
0.5006174880537222,1.2831239190039976,1.8673328735530863,3.937897204873857
0.5021350645456576,1.2831495301440763,1.8679415571636797,3.9352264735957783
0.5036516572395138,1.2831717715041766,1.8685414705278631,3.932569399742793
0.5051672684411557,1.2831907039617467,1.8691327519474228,3.929925634806648
0.5066819004100526,1.2832063872803872,1.8697155375532026,3.9272948412812267
0.508195555360492,1.2832188801313227,1.8702899613386963,3.9246766923105962
0.5097082354627611,1.2832282401144357,1.870856155193132,3.922070871350995
0.5112199428442978,1.283234523778868,1.8714142489340593,3.919477071839586
0.5127306795908108,1.2832377866432034,1.8719643703394424,3.9168949968788715
0.5142404477473701,1.283238083215237,1.8725066451792696,3.914324358926109
0.5157492493194696,1.2832354670113433,1.8730411972466836,3.911764879496937
0.5172570862740606,1.283229990575449,1.8735681483886424,3.909216288874753
0.5187639605405586,1.2832217054976212,1.8740876185361135,3.9066783258330675
0.5202698740118235,1.2832106624322783,1.8745997257338127,3.904150737363436
0.5217748285451139,1.2831969111160313,1.8751045861694915,3.901633278414238
0.5232788259630168,1.2831805003851644,1.875602314202779,3.8991257116365157
0.5247818680543515,1.283161478192763,1.8760930223935866,3.8966278071390867
0.5262839565750507,1.2831398916254944,1.8765768215300822,3.8941393422502673
0.5277850932490186,1.283115786920052,1.877053820656237,3.891660101288694
0.5292852797689651,1.2830892094792674,1.8775241270989553,3.889189875339113
0.5307845177972197,1.2830602038878982,1.8779878464947897,3.8867284620382963
0.5322828089665222,1.2830288139281,1.8784450828162507,3.8842756653660078
0.5337801548807941,1.2829950825945877,1.8788959383977148,3.8818312954416943
0.5352765571158885,1.2829590521094918,1.8793405139609374,3.8793951683306678
0.5367720172203211,1.2829207639369202,1.8797789086401764,3.876967105853335
0.5382665367159812,1.2828802587972268,1.8802112200069332,3.874546935402591
0.5397601170988248,1.2828375766809963,1.8806375440943146,3.872134489766014
0.5412527598395483,1.2827927568627508,1.8810579754210228,3.8697296069545035
0.5427444663842458,1.2827458379143832,1.8814726070149788,3.8673321300353956
0.5442352381550476,1.282696857718323,1.8818815304365841,3.8649419069714033
0.5457250765507433,1.282645853480443,1.8822848358016266,3.8625587904656986
0.5472139829473877,1.282592861742707,1.882682611803835,3.8601826378098627
0.5487019586988904,1.2825379183955696,1.8830749457370881,3.8578133107386687
0.550189005137591,1.2824810586901312,1.8834619235172845,3.855450675287216
0.5516751235748178,1.2824223172500497,1.883843629703874,3.8530946016561147
0.5531603153014332,1.2823617280832214,1.884220147521062,3.8507449640777507
0.5546445815883632,1.2822993245932288,1.8845915588786855,3.8484016406868666
0.5561279236871141,1.2822351395905656,1.88495794439277,3.8460645133991815
0.5576103428302751,1.2821692053036384,1.8853193834057702,3.8437334677883075
0.5590918402320082,1.2821015533895557,1.885675954006499,3.841408392970765
0.560572417088524,1.282032214944703,1.8860277330497492,3.8390891814926618
0.5620520745785463,1.2819612205151123,1.8863747961756157,3.8367757292209235
0.5635308138637638,1.2818886001066285,1.886717217828517,3.8344679352383113
0.5650086360892697,1.2818143831948776,1.8870550712759258,3.832165701739224
0.5664855423839902,1.2817385987350398,1.88738842862681,3.829868933932299
0.5679615338611017,1.2816612751714334,1.88771736084979,3.8275775399444476
0.5694366116184365,1.2815824404469114,1.8880419377910143,3.825291430727181
0.5709107767388784,1.2815021220120764,1.8883622281917616,3.823010519967062
0.5723840302907472,1.2814203468343162,1.888678299705769,3.8207347239994696
0.5738563733281745,1.281337141406664,1.8889902189162937,3.818463961723691
0.5753278068914672,1.2812525317564887,1.8892980513529105,3.8161981545211336
0.576798332007464,1.2811665434540145,1.8896018615080499,3.813937226177264
0.5782679496898806,1.2810792016206796,1.88990171285328,3.811681102804267
0.579736660939647,1.2809905309373306,1.8901976678553372,3.80942971276774
0.5812044667452353,1.280900555652261,1.890489787991908,3.8071829866142632
0.5826713680829789,1.2808092995890938,1.8907781337671667,3.804940857003999
0.5841373659173839,1.2807167861545146,1.8910627647270728,3.8027032586405203
0.585602461201431,1.2806230383458537,1.8913437394744304,3.8004701282085813
0.5870666548768713,1.2805280787585251,1.891621115683715,3.798241404309531
0.5885299478745125,1.2804319295933226,1.8918949501156703,3.7960170274012155
0.5899923411144987,1.2803346126635757,1.892165298631678,3.79379693973835
0.5914538355065825,1.2802361494021697,1.8924322162079041,3.7915810853163503
0.5929144319503897,1.280136560868431,1.892695756949228,3.789369409815082
0.5943741313356777,1.2800358677548829,1.892955974102952,3.7871618605462993
0.5958329345425863,1.2799340903938705,1.8932129200723002,3.784958386400106
0.5972908424418824,1.2798312487640624,1.8934666464297063,3.7827589377968747
0.5987478558951979,1.2797273624968264,1.8937172039298953,3.7805634666382066
0.600203975755262,1.2796224508824865,1.893964642522762,3.778371926258475
0.6016592028661267,1.2795165328764602,1.894209011366049,3.7761842713804117
0.6031135380633866,1.2794096271052797,1.8944503588378259,3.7740004580718667
0.6045669821743929,1.2793017518725005,1.8946887325487767,3.77182044370106
0.6060195360184618,1.2791929251644962,1.8949241793542944,3.7696441868972723
0.6074712004070777,1.2790831646561476,1.8951567453663871,3.7674716475092294
0.6089219761440904,1.2789724877164206,1.8953864759653993,3.7653027865674433
0.6103718640259077,1.2788609114138427,1.8956134158115494,3.7631375662472015
0.6118208648416826,1.278748452521875,1.8958376088562885,3.7609759498299975
0.6132689793734959,1.2786351275241832,1.8960590983534809,3.7588179016711485
0.6147162083965334,1.2785209526198105,1.896277926870411,3.7566633871638078
0.6161625526792592,1.2784059437282533,1.8964941362986185,3.75451237270681
0.6176080129835841,1.278290116494443,1.896707767864563,3.7523648256731463
0.6190525900650292,1.2781734862936318,1.8969188621401238,3.75022071437788
0.6204962846728856,1.278056068236192,1.8971274590529346,3.748080008050083
0.6219390975503704,1.277937877172322,1.8973335978965573,3.7459426768019246
0.6233810294347771,1.2778189276966654,1.8975373173404964,3.743808691601323
0.624822081057624,1.2776992341528461,1.8977386554400564,3.741678024246172
0.626262253144797,1.2775788106379173,1.8979376496460467,3.7395506473361095
0.6277015464166893,1.2774576710067287,1.8981343368143324,3.737426534248251
0.629139961588338,1.277335828876212,1.8983287532152375,3.7353056591121088
0.630577499369556,1.2772132976295885,1.8985209345428,3.73318799678612
0.6320141604650613,1.2770900904204978,1.8987109159238822,3.731073522833941
0.6334499455746028,1.2769662201770504,1.8988987319271384,3.7289622135033995
0.634884855393082,1.2768416996058054,1.8990844165718426,3.7268540457030617
0.6363188906106727,1.2767165411956758,1.8992680033365767,3.7247489969824685
0.6377520519129366,1.27659075722176,1.8994495251677843,3.722647045512158
0.6391843399809363,1.2764643597491057,1.8996290144881882,3.7205481700626772
0.6406157554913453,1.276337360636401,1.899806503205078,3.7184523499868654
0.6420462991165551,1.2762097715396012,1.8999820227184663,3.716359565201226
0.6434759715247793,1.2760816039154868,1.9001556039291179,3.7142697961670756
0.6449047733801552,1.2759528690251571,1.9003272772464521,3.712183023874904
0.6463327053428426,1.2758235779374605,1.900497072596322,3.7100992298263975
0.6477597680691203,1.2756937415323608,1.9006650194286703,3.7080183960186712
0.6491859622114793,1.2755633705042428,1.9008311467250665,3.705940504929389
0.6506112884187146,1.2754324753651576,1.9009954830061246,3.7038655394998794
0.6520357473360138,1.2753010664480087,1.9011580563388044,3.7017934831220196
0.6534593396050435,1.27516915390968,1.9013188943435986,3.699724319623747
0.654882065864034,1.2750367477341071,1.9014780242016063,3.697658033254202
0.6563039267478608,1.2749038577352918,1.9016354726614957,3.6955946086723976
0.657724922888125,1.2747704935602635,1.9017912660463576,3.6935340309321836
0.6591450549132308,1.2746366646919862,1.9019454302604502,3.6914762854715764
0.6605643234484614,1.2745023804522124,1.9020979907958384,3.689421358098964
0.6619827291160525,1.2743676500042853,1.9022489727389293,3.6873692349830423
0.6634002725352645,1.2742324823558917,1.9023984007769033,3.68531990264033
0.6648169543224524,1.274096886361763,1.902546299204045,3.683273347925313
0.6662327750911335,1.2739608707263297,1.9026926919279747,3.6812295580180447
0.6676477354520546,1.2738244440063264,1.902837602475781,3.679188520415714
0.6690618360132554,1.2736876146133507,1.902981054000057,3.6771502229218593
0.6704750773801326,1.2735503908163752,1.903123069284842,3.6751146536366766
0.6718874601555002,1.273412780744216,1.903263670751469,3.673081800947826
0.6732989849396497,1.2732747923879546,1.9034028804643197,3.6710516535208755
0.6747096523304081,1.2731364336033186,1.9035407201364902,3.669024200292114
0.6761194629231944,1.272997712113018,1.903677211135366,3.6669994304581186
0.6775284173110743,1.2728586355090405,1.9038123744881095,3.6649773334689684
0.6789365160848146,1.2727192112549055,1.9039462308870612,3.662957899019782
0.680343759832935,1.2725794466878777,1.9040788006950555,3.660941117042909
0.6817501491417589,1.2724393490211416,1.9042101039506534,3.658926977700101
0.6831556845954629,1.2722989253459367,1.9043401603732903,3.6569154713768337
0.6845603667761255,1.2721581826336545,1.904468989368346,3.6549065886738683
0.6859641962637734,1.2720171277378989,1.9045966100321319,3.6529003204007293
0.6873671736364277,1.2718757673965089,1.9047230411568006,3.6508966575693917
0.6887692994701485,1.2717341082335463,1.904848301235178,3.6488955913887793
0.6901705743390778,1.2715921567612476,1.9049724084655189,3.6468971132570926
0.6915709988154823,1.2714499193819413,1.9050953807561875,3.644901214756348
0.6929705734697942,1.2713074023899307,1.9052172357302637,3.642907887646991
0.6943692988706514,1.2711646119733446,1.9053379907300776,3.6409171238632725
0.6957671755849363,1.271021554215954,1.9054576628216708,3.6389289155052644
0.6971642041778142,1.2708782350989567,1.905576268799189,3.636943254836183
0.6985603852127701,1.2707346605027316,1.9056938251892035,3.634960134276059
0.6999557192516446,1.2705908362085605,1.905810348254965,3.6329795463969927
0.701350206854669,1.2704467679003204,1.9059258540005912,3.631001483918854
0.7027438485804999,1.2703024611661453,1.9060403581751861,3.629025939703909
0.704136644986252,1.27015792150006,1.906153876276896,3.6270529067531085
0.7055285966275305,1.270013154303583,1.9062664235569002,3.6250823782023405
0.7069197040584634,1.269868164887304,1.9063780150233396,3.623114347315719
0.7083099678317311,1.2697229584724306,1.9064886654451816,3.6211488074852975
0.7096993884985974,1.26957754019231,1.9065983893560254,3.61918575222372
0.711087966608938,1.2694319150939237,1.9067072010578465,3.617225175162402
0.7124757027112694,1.269286088139355,1.9068151146246815,3.6152670700478096
0.7138625973527759,1.269140064207232,1.9069221439062547,3.613311430736853
0.7152486510793372,1.2689938480941438,1.9070283025315482,3.611358251194608
0.7166338644355543,1.2688474445160343,1.9071336039123146,3.6094075254898623
0.7180182379647752,1.2687008581095685,1.9072380612465334,3.607459247793287
0.7194017722091195,1.268554093433478,1.9073416875218145,3.6055134123730914
0.7207844677095031,1.2684071549698808,1.9074444955187462,3.6035700135924813
0.7221663250056615,1.2682600471255794,1.907546497814191,3.6016290459073925
0.7235473446361728,1.2681127742333353,1.9076477067845286,3.5996905038617295
0.7249275271384802,1.2679653405531224,1.9077481346088478,3.5977543820875435
0.7263068730489137,1.267817750273357,1.9078477932720885,3.5958206752992297
0.7276853829027116,1.2676700075121083,1.9079466945681318,3.5938893782938486
0.7290630572340407,1.2675221163182868,1.908044850102844,3.591960485946563
0.7304398965760173,1.2673740806728113,1.9081422712970695,3.5900339932086394
0.7318159014607256,1.2672259044897574,1.9082389693895787,3.588109895106317
0.7331910724192382,1.2670775916174848,1.9083349554399676,3.5861881867372203
0.7345654099816336,1.2669291458397458,1.9084302403315112,3.5842688632687834
0.7359389146770149,1.266780570876774,1.9085248347739734,3.582351919935761
0.7373115870335275,1.2666318703863546,1.90861874930637,3.5804373520386115
0.7386834275783761,1.2664830479648752,1.9087119942996902,3.5785251549416563
0.7400544368378416,1.2663341071483605,1.908804579959573,3.5766153240702594
0.7414246153372972,1.266185051413487,1.9088965163289422,3.5747078549098315
0.7427939636012247,1.2660358841785813,1.9089878132905989,3.5728027430034257
0.7441624821532297,1.265886608804601,1.9090784805697734,3.5708999839515063
0.7455301715160566,1.2657372285960984,1.9091685277366366,3.568999573407022
0.7468970322116039,1.2655877468021681,1.9092579642087715,3.5671015070780023
0.7482630647609377,1.2654381666173777,1.9093467992536044,3.5652057807223865
0.7496282696843064,1.265288491182683,1.909435041990799,3.5633123901484005
0.7509926475011536,1.265138723586327,1.909522701394612,3.561421331212678
0.7523561987301319,1.2649888668647242,1.909609786296211,3.5595325998183505
0.7537189238891158,1.2648389240033286,1.9096963053859548,3.557646191914596
0.7550808234952135,1.264688897937488,1.9097822672156402,3.5557621034944233
0.7564418980647803,1.2645387915532822,1.9098676802007093,3.553880330593328
0.7578021481134296,1.2643886076883488,1.9099525526224255,3.5520008692894827
0.7591615741560449,1.2642383491326932,1.9100368926300118,3.550123715700091
0.7605201767067911,1.264088018629485,1.9101207082427571,3.5482488659826448
0.7618779562791255,1.263937618875841,1.9102040073520883,3.5463763163321786
0.7632349133858084,1.2637871525235964,1.9102867977236093,3.5445060629804654
0.764591048538914,1.2636366221800588,1.9103690869991081,3.542638102195857
0.7659463622498401,1.2634860304087538,1.9104508826985314,3.540772430280592
0.7673008550293182,1.2633353797301552,1.9105321922219285,3.538909043571551
0.7686545273874233,1.263184672622403,1.9106130228513636,3.537047938438072
0.7700073798335834,1.2630339115220104,1.910693381752798,3.5351891112813747
0.7713594128765882,1.2628830988245572,1.9107732759779426,3.533332558533775
0.7727106270245986,1.2627322368853726,1.9108527124660803,3.5314782766574324
0.7740610227851553,1.2625813280202058,1.9109316980458604,3.5296262621445216
0.7754106006651871,1.2624303745058851,1.9110102394370634,3.5277765115146025
0.7767593611710193,1.2622793785809663,1.911088343252338,3.5259290213155006
0.7781073048083819,1.2621283424463694,1.911166015998911,3.524083788121695
0.779454432082417,1.261977268266005,1.91124326408027,3.5222408085337684
0.7808007434976875,1.2618261581673906,1.9113200937978179,3.5204000791776244
0.7821462395581831,1.2616750142422544,1.911396511352503,3.518561596703706
0.7834909207673287,1.261523838547131,1.9114725228464224,3.516725357787058
0.7848347876279913,1.2613726331039468,1.9115481342843987,3.5148913591248525
0.7861778406424865,1.2612213999005937,1.9116233515755339,3.5130595974380694
0.7875200803125857,1.261070140891495,1.9116981805347364,3.511230069468993
0.7888615071395222,1.2609188579981616,1.9117726268842252,3.5094027719817467
0.790202121623998,1.2607675531097369,1.9118466962550094,3.507577701761387
0.7915419242661901,1.2606162280835345,1.9119203941883443,3.5057548556125693
0.792880915565756,1.2604648847455662,1.911993726137164,3.5039342303602075
0.7942190960218402,1.260313524891061,1.912066697467492,3.5021158228487326
0.7955564661330796,1.2601621502849756,1.9121393134598288,3.5002996299407063
0.7968930263976097,1.2600107626624948,1.912211579310517,3.4984856485173355
0.7982287773130693,1.2598593637295261,1.9122835001330856,3.496673875476906
0.7995637193766062,1.2597079551631842,1.912355080959572,3.4948643077361434
0.8008978530848826,1.2595565386122674,1.9124263267418236,3.4930569422267475
0.80223117893408,1.259405115697726,1.9124972423527782,3.491251775899158
0.8035636974199042,1.2592536880131238,1.9125678325877242,3.489448805717406
0.8048954090375898,1.259102257125091,1.912638102165541,3.4876480286630374
0.8062263142819057,1.258950824573769,1.9127080557299188,3.48584944173125
0.8075564136471587,1.2587993918732494,1.9127776978505597,3.4840530419326843
0.8088857076271988,1.2586479605120031,1.9128470330243603,3.4822588262926883
0.810214196715423,1.2584965319533052,1.9129160656765731,3.480466791849938
0.81154188140478,1.25834510763565,1.9129848001619518,3.4786769356573846
0.8128687621877738,1.2581936889731609,1.9130532407658778,3.4768892547807972
0.8141948395564684,1.2580422773559925,1.9131213917054672,3.4751037462994314
0.8155201140024912,1.2578908741507266,1.9131892571306626,3.4733204073046196
0.8168445860170371,1.257739480700761,1.9132568411253053,3.4715392349011776
0.8181682560908722,1.2575880983266914,1.9133241477081917,3.469760226204639
0.8194911247143373,1.2574367283266887,1.9133911808341129,3.46798337834366
0.8208131923773517,1.257285371976868,1.9134579443948765,3.4662086884572174
0.8221344595694169,1.2571340305316518,1.9135244422203137,3.46443615369675
0.8234549267796191,1.256982705224129,1.9135906780792689,3.4626657712238056
0.8247745944966335,1.2568313972664047,1.9136566556805743,3.4608975382109697
0.826093463208727,1.2566801078499474,1.9137223786740096,3.459131451841523
0.8274115334037614,1.2565288381459276,1.9137878506512447,3.45736750930805
0.8287288055691965,1.256377589305553,1.9138530751467684,3.455605707815107
0.8300452801920932,1.256226362460397,1.913918055638803,3.4538460445747847
0.8313609577591163,1.2560751587227212,1.9139827955502022,3.4520885168108126
0.8326758387565374,1.255923979185794,1.9140472982493373,3.4503331217544506
0.8339899236702375,1.2557728249242022,1.914111567050967,3.448579856647617
0.8353032129857101,1.2556216969941596,1.9141756052170944,3.4468287187403748
0.8366157071880633,1.2554705964338078,1.9142394159578104,3.44507970529214
0.837927406762023,1.2553195242635142,1.9143030024321235,3.4433328135702572
0.8392383121919351,1.2551684814861637,1.9143663677487759,3.4415880408509527
0.8405484239617677,1.2550174690874463,1.914429514967047,3.4398453844185517
0.8418577425551139,1.2548664880361393,1.9144924470975444,3.4381048415659
0.843166268455194,1.2547155392843858,1.914555167102982,3.4363664095930493
0.8444740021448579,1.2545646237679673,1.9146176778989443,3.4346300858086027
0.845780944106587,1.2544137424065727,1.9146799823546417,3.43289586752768
0.8470870948224968,1.254262896104062,1.9147420832936501,3.431163752074343
0.8483924547743386,1.2541120857487273,1.914803983494642,3.4294337367785115
0.8496970244435019,1.253961312213547,1.9148656856921027,3.427705818978388
0.8510008043110163,1.2538105763564376,1.9149271925770381,3.425979996018897
0.8523037948575536,1.2536598790205014,1.9149885067976693,3.4242562652510706
0.8536059965634293,1.2535092210342684,1.9150496309601162,3.422534624034459
0.854907409908605,1.2533586032119366,1.9151105676290712,3.4208150697336537
0.8562080353726902,1.2532080263536058,1.9151713193284616,3.419097599720328
0.8575078734349435,1.2530574912455095,1.915231888542101,3.417382211373142
0.8588069245742751,1.2529069986602417,1.9152922777143304,3.4156689020762596
0.8601051892692481,1.252756549356981,1.9153524892506508,3.41395766922074
0.8614026679980803,1.2526061440817102,1.9154125255183423,3.4122485102034275
0.8626993612386458,1.2524557835674324,1.9154723888470764,3.4105414224270305
0.8639952694684764,1.2523054685343835,1.9155320815295174,3.4088364033003304
0.8652903931647636,1.2521551996902418,1.9155916058219138,3.407133450238149
0.8665847328043599,1.2520049777303333,1.9156509639446806,3.4054325606607705
0.8678782888637799,1.251854803337834,1.9157101580829725,3.4037337319940577
0.8691710618192026,1.251704677183969,1.9157691903872478,3.4020369616696358
0.8704630521464718,1.2515545999282083,1.9158280629738231,3.4003422471246827
0.8717542603210986,1.2514045722184584,1.9158867779254194,3.3986495858013996
0.8730446868182618,1.251254594691252,1.9159453372916995,3.3969589751475326
0.8743343321128095,1.251104667971935,1.9160037430897963,3.3952704126158357
0.875623196679261,1.250954792674848,1.9160619973048332,3.3935838956646576
0.8769112809918072,1.2508049694035073,1.9161201018904366,3.3918994217572433
0.8781985855243121,1.2506551987507815,1.9161780587692385,3.3902169883613684
0.8794851107503144,1.2505054812990661,1.9162358698333735,3.3885365929505555
0.8807708571430284,1.2503558176204543,1.9162935369449656,3.386858233002549
0.8820558251753449,1.2502062082769059,1.9163510619366086,3.3851819060002337
0.8833400153198327,1.2500566538204125,1.9164084466118383,3.383507609431294
0.88462342804874,1.2499071547931606,1.9164656927455974,3.381835340788126
0.8859060638339943,1.2497577117276923,1.916522802084693,3.3801650975669704
0.8871879231472048,1.2496083251470622,1.916579776348246,3.3784968772699306
0.8884690064596629,1.2494589955649928,1.9166366172281344,3.376830677402851
0.8897493142423428,1.2493097234860273,1.9166933263894292,3.3751664954761535
0.8910288469659033,1.249160509405679,1.9167499054708232,3.3735043290049584
0.8923076051006882,1.2490113538105792,1.9168063560850523,3.371844175508115
0.8935855891167273,1.2488622571786219,1.9168626798193114,3.3701860325095385
0.8948627994837374,1.248713219979107,1.9169188782356628,3.3685298975367868
0.8961392366711235,1.24856424267288,1.916974952871438,3.3668757681224344
0.8974149011479794,1.2484153257124713,1.9170309052396333,3.3652236418022787
0.8986897933830884,1.2482664695422303,1.9170867368292996,3.363573516116746
0.8999639138449245,1.2481176745984603,1.9171424491059252,3.3619253886106053
0.9012372630016531,1.2479689413095494,1.9171980435118123,3.3602792568324538
0.9025098413211318,1.2478202700960992,1.9172535214664486,3.358635118334426
0.9037816492709112,1.2476716613710528,1.9173088843668713,3.356992970673563
0.9050526873182358,1.2475231155398194,1.9173641335880278,3.355352811410124
0.9063229559300447,1.2473746330003972,1.9174192704831274,3.353714638108532
0.9075924555729723,1.2472262141434942,1.9174742963839904,3.352078448337104
0.9088611867133489,1.2470778593526475,1.9175292126013894,3.3504442396679885
0.9101291498172019,1.2469295690043403,1.9175840204253864,3.348812009677053
0.911396345350256,1.2467813434681165,1.9176387211256645,3.3471817559442747
0.9126627737779344,1.2466331831066948,1.9176933159518528,3.3455534760524044
0.9139284355653587,1.246485088276079,1.9177478061338484,3.3439271675894373
0.9151933311773506,1.2463370593256682,1.9178021928821318,3.342302828145718
0.9164574610784316,1.2461890965983646,1.917856477388077,3.3406804553157943
0.9177208257328245,1.2460412004306793,1.917910660824258,3.3390600466976164
0.9189834256044532,1.2458933711528364,1.9179647443447487,3.337441599892943
0.9202452611569439,1.2457456090888754,1.9180187290854198,3.33582511250743
0.9215063328536257,1.2455979145567528,1.9180726161642294,3.33421058214946
0.9227666411575307,1.2454502878684408,1.9181264066815096,3.3325980064315095
0.924026186531395,1.2453027293300243,1.9181801017202487,3.3309873829695147
0.9252849694376595,1.2451552392417982,1.918233702346369,3.329378709382668
0.9265429903384697,1.2450078178983608,1.9182872096089991,3.327771983293761
0.927800249695677,1.2448604655887072,1.9183406245407437,3.32616720232896
0.9290567479708389,1.2447131825963207,1.9183939481579466,3.3245643641177356
0.9303124856252197,1.2445659691992619,1.9184471814609516,3.322963466293525
0.9315674631197908,1.244418825670258,1.9185003254343589,3.321364506492093
0.9328216809152311,1.2442717522767894,1.9185533810472761,3.319767482353506
0.9340751394719282,1.2441247492811758,1.918606349253567,3.318172391520642
0.9353278392499783,1.2439778169406588,1.9186592309920947,3.316579231639718
0.9365797807091867,1.2438309555074867,1.918712027186962,3.3149880003605827
0.9378309643090684,1.2436841652289943,1.9187647387477476,3.3133986953359007
0.9390813905088488,1.2435374463476838,1.9188173665697383,3.3118113142219623
0.9403310597674637,1.2433907991013038,1.9188699115341579,3.31022585467811
0.9415799725435602,1.2432442237229258,1.9189223745083919,3.3086423143669332
0.942828129295497,1.2430977204410216,1.9189747563462094,3.307060690953997
0.9440755304813446,1.2429512894795374,1.9190270578879804,3.3054809821084166
0.9453221765588863,1.242804931057968,1.9190792799608904,3.3039031855024743
0.9465680679856178,1.24265864539143,1.9191314233791519,3.302327298811423
0.9478132052187485,1.2425124326907313,1.9191834889442108,3.3007533197133276
0.9490575887152013,1.2423662931624435,1.9192354774449516,3.2991812458902925
0.9503012189316132,1.2422202270089695,1.9192873896578981,3.297611075026819
0.951544096324336,1.2420742344286124,1.9193392263474114,3.296042804810823
0.9527862213494361,1.2419283156156415,1.9193909882658842,3.2944764329326883
0.9540275944626955,1.241782470760359,1.9194426761539323,3.292911957086844
0.9552682161196117,1.241636700049164,1.919494290740583,3.2913493749700735
0.9565080867753983,1.2414910036646158,1.919545832743461,3.28978868428265
0.9577472068849855,1.241345381785498,1.91959730286897,3.2882298827273315
0.9589855769030201,1.2411998345868784,1.919648701812473,3.2866729680103743
0.9602231972838664,1.2410543622401706,1.919700030258469,3.2851179378410422
0.961460068481606,1.2409089649131935,1.9197512888807657,3.2835647899312903
0.9626961909500386,1.2407636427702293,1.919802478342652,3.2820135219965767
0.9639315651426817,1.240618395972082,1.9198535992970651,3.280464131754536
0.965166191512772,1.2404732246761339,1.9199046523867571,3.2789166169265105
0.9664000705132649,1.2403281290364006,1.9199556382444574,3.2773709752365
0.967633202596835,1.240183109203587,1.9200065574930327,3.275827204411589
0.9688655882158765,1.2400381653251416,1.920057410745646,3.2742853021815828
0.9700972278225037,1.2398932975453076,1.9201081986059105,3.272745266279201
0.971328121868551,1.2397485060051776,1.9201589216680435,3.271207094440721
0.9725582708055733,1.2396037908427433,1.9202095805170156,3.2696707844044757
0.9737876750848466,1.2394591521929472,1.9202601757286997,3.268136333911847
0.975016335157368,1.2393145901877316,1.920310707870016,3.266603740707895
0.976244251473856,1.239170104956088,1.9203611774990752,3.265073002539382
0.9774714244847511,1.239025696624105,1.9204115851653198,3.263544117157348
0.9786978546402157,1.2388813653150166,1.9204619314096625,3.262017082313931
0.9799235423901349,1.2387371111492467,1.9205122167646222,3.2604918957659197
0.9811484881841163,1.2385929342444573,1.9205624417544596,3.258968555271907
0.9823726924714903,1.2384488347155924,1.9206126068953078,3.2574470585932445
0.983596155701311,1.2383048126749225,1.9206627126953033,3.2559274034949803
0.9848188783223556,1.2381608682320884,1.9207127596547136,3.2544095877443007
0.9860408607831256,1.2380170014941438,1.9207627482660632,3.2528936091112013
0.9872621035318462,1.2378732125655985,1.9208126790142572,3.251379465368854
0.9884826070164672,1.2377295015484588,1.9208625523767036,3.2498671542929074
0.989702371684663,1.2375858685422694,1.9209123688234329,3.248356673662093
0.990921397983833,1.2374423136441526,1.9209621288172158,3.24684802125777
0.9921396863611018,1.2372988369488487,1.9210118328136805,3.2453411948641566
0.9933572372633193,1.237155438548755,1.9210614812614255,3.2438361922681147
0.9945740511370611,1.2370121185339635,1.9211110746021332,3.2423330112595883
0.995790128428629,1.2368688769922989,1.9211606132706798,3.2408316496307483
0.9970054695840509,1.2367257140093555,1.9212100976952444,3.2393321051772417
0.9982200750490812,1.2365826296685343,1.9212595282974163,3.237834375696811
0.9994339452692009,1.236439624051078,1.9213089054923,3.2363384589902426
1.0006470806896184,1.236296697236107,1.9213582296886196,3.2348443528611557
1.0018594817552686,1.2361538493006536,1.9214075012888199,3.233352055115937
1.0030711489108146,1.2360110803196966,1.9214567206891675,3.2318615635633
1.0042820826006469,1.235868390366195,1.9215058882798495,3.230372876015165
1.005492283268884,1.2357257795111198,1.9215550044450707,3.2288859902856952
1.0067017513593723,1.235583247823489,1.921604069563149,3.2274009041924887
1.0079104873156872,1.2354407953703967,1.9216530840066106,3.225917615554935
1.0091184915811322,1.2352984222170473,1.9217020481422806,3.22443612219579
1.01032576459874,1.2351561284267845,1.9217509623313764,3.222956421940358
1.0115323068112725,1.2350139140611225,1.921799826929596,3.2214785126166188
1.0127381186612208,1.234871779179776,1.9218486422872063,3.2200023920551053
1.0139432005908056,1.2347297238406902,1.9218974087491307,3.2185280580892823
1.0151475530419773,1.2345877481000689,1.9219461266550342,3.2170555085550374
1.0163511764564166,1.234445852012403,1.921994796339407,3.2155847412908827
1.017554071275534,1.2343040356305,1.922043418131648,3.2141157541383234
1.018756237940471,1.2341622990055099,1.9220919923561455,3.212648544941809
1.0199576768920997,1.2340206421869535,1.9221405193323582,3.2111831115469744
1.0211583885710225,1.233879065222749,1.922188999374893,3.20971945180415
1.0223583734175736,1.2337375681592375,1.9222374327935832,3.208257563564938
1.0235576318718185,1.2335961510412103,1.9222858198935646,3.2067974446835885
1.0247561643735539,1.2334548139119332,1.922334160975351,3.2053390930176917
1.0259539713623083,1.2333135568131717,1.9223824563349075,3.2038825064272243
1.0271510532773425,1.2331723797852163,1.9224307062637234,3.202427682774707
1.028347410557649,1.2330312828669063,1.922478911048884,3.2009746199247413
1.0295430436419535,1.2328902660956536,1.9225270709731408,3.19952331574569
1.0307379529687133,1.2327493295074663,1.9225751863149807,3.198073768107985
1.0319321389761191,1.2326084731369717,1.9226232573486945,3.196625974884091
1.0331256021020945,1.2324676970174395,1.9226712843444436,3.195179933949911
1.0343183427842961,1.2323270011808036,1.922719267568326,3.1937356431836337
1.0355103614601142,1.232186385657684,1.9227672072824418,3.192293100466165
1.0367016585666726,1.232045850477409,1.9228151037449563,3.190852303680573
1.037892234540829,1.2319053956680361,1.9228629572101634,3.1894132507131983
1.0390820898191748,1.231765021256373,1.9229107679285473,3.187975939452656
1.040271224838036,1.2316247272679985,1.9229585361468438,3.1865403677897652
1.0414596400334726,1.2314845137272823,1.923006262108099,3.1851065336184066
1.0426473358412796,1.231344380657405,1.92305394605173,3.1836744348348254
1.0438343126969865,1.2312043280803782,1.9231015882135813,3.182244069338371
1.0450205710358578,1.2310643560170635,1.923149188825983,3.1808154350298565
1.0462061112928933,1.2309244644871915,1.9231967481178065,3.1793885298138695
1.0473909339028284,1.2307846535093803,1.9232442663145193,3.1779633515965076
1.0485750393001336,1.230644923101154,1.9232917436382402,3.176539898287163
1.0497584279190153,1.2305052732789612,1.9233391803077926,3.17511816779743
1.050941100193416,1.2303657040581923,1.9233865765387566,3.173698158041549
1.0521230565570139,1.230226215453197,1.9234339325435215,3.172279866936747
1.053304297443224,1.2300868074773021,1.9234812485313362,3.170863292401462
1.0544848232851978,1.2299474801428278,1.92352852470836,3.16944843235832
1.055664634515823,1.2298082334611045,1.9235757612777113,3.168035284731299
1.0568437315677246,1.2296690674424895,1.9236229584395168,3.1666238474475823
1.0580221148732645,1.229529982096383,1.9236701163909584,3.165214118436547
1.059199784864542,1.2293909774312437,1.9237172353263212,3.1638060956298135
1.0603767419733936,1.229252053454605,1.923764315437039,3.1623997769624768
1.0615529866313935,1.2291132101730897,1.9238113569117403,3.160995160371347
1.0627285192698537,1.2289744475924258,1.923858359936293,3.15959224379554
1.0639033403198241,1.2288357657174607,1.9239053246938487,3.158191025177468
1.065077450212093,1.2286971645521765,1.923952251364885,3.1567915024619455
1.0662508493771867,1.228558644099704,1.9239991401272496,3.155393673595179
1.0674235382453703,1.228420204362337,1.9240459911562016,3.1539975365275352
1.0685955172466473,1.2282818453415456,1.9240928046244528,3.152603089210405
1.06976678681076,1.2281435670379914,1.9241395807022084,3.1512103295988223
1.0709373473671904,1.2280053694515398,1.924186319557207,3.1498192556495055
1.0721071993451587,1.2278672525812733,1.9242330213547605,3.1484298653220617
1.0732763431736256,1.2277292164255051,1.9242796862577916,3.1470421565783036
1.0744447792812906,1.2275912609817916,1.9243263144268734,3.145656127382879
1.075612508096593,1.2274533862469452,1.924372906020266,3.1442717757022116
1.0767795300477123,1.227315592217047,1.924419461193953,3.1428890995066143
1.0779458455625681,1.2271778788874579,1.924465980101679,3.141508096767234
1.0791114550688201,1.2270402462528323,1.924512462894985,3.14012876545878
1.0802763589938684,1.2269026943071284,1.9245589097232427,3.13875110355774
1.0814405577648538,1.2267652230436212,1.92460532073369,3.137375109043573
1.0826040518086582,1.2266278324549131,1.9246516960714646,3.1360007798976897
1.0837668415519037,1.2264905225329454,1.9246980358796377,3.134628114104561
1.0849289274209541,1.2263532932690095,1.924744340299247,3.1332571096507293
1.0860903098419146,1.2262161446537576,1.924790609469329,3.1318877645251058
1.0872509892406315,1.2260790766772136,1.9248368435269507,3.1305200767193715
1.0884109660426928,1.2259420893287838,1.9248830426072414,3.1291540442272283
1.0895702406734284,1.225805182597267,1.9249292068434236,3.1277896650451713
1.0907288135579103,1.225668356470865,1.9249753363668431,3.126426937172007
1.0918866851209525,1.2255316109371928,1.925021431306999,3.1250658586088162
1.0930438557871114,1.2253949459832878,1.9250674917915735,3.123706427359513
1.0942003259806856,1.2252583615956203,1.92511351794646,3.1223486414298764
1.0953560961257167,1.2251218577601029,1.9251595098957928,3.1209924988284192
1.0965111666459888,1.2249854344620996,1.925205467761974,3.1196379975663553
1.0976655379650293,1.2248490916864356,1.9252513916657024,3.11828513565668
1.0988192105061088,1.224712829417406,1.9252972817259988,3.116933911115189
1.0999721846922408,1.2245766476387847,1.9253431380602344,3.1155843219602666
1.1011244609461825,1.2244405463338344,1.9253889607841563,3.1142363662119767
1.102276039690435,1.2243045254853133,1.925434750011914,3.112890041893801
1.1034269213472427,1.2241685850754853,1.9254805058560838,3.1115453470305643
1.1045771063385945,1.2240327250861278,1.9255262284276946,3.1102022796504283
1.105726595086223,1.22389694549854,1.9255719178362527,3.1088608377833387
1.1068753880116053,1.2237612462935512,1.9256175741897652,3.107521019461542
1.1080234855359632,1.2236256274515287,1.925663197594765,3.1061828227204895
1.1091708880802627,1.2234900889523856,1.9257087881563333,3.1048462455968577
1.1103175960652147,1.223354630775589,1.9257543459781232,3.103511286130847
1.1114636099112756,1.2232192529001666,1.9257998711623825,3.1021779423642455
1.1126089300386461,1.2230839553047157,1.9258453638099757,3.1008462123413745
1.1137535568672727,1.2229487379674095,1.9258908240204062,3.099516094109448
1.1148974908168472,1.2228136008660047,1.9259362518918381,3.098187585716863
1.1160407323068071,1.2226785439778485,1.9259816475211173,3.096860685215896
1.1171832817563354,1.2225435672798861,1.9260270110037927,3.095535390659898
1.1183251395843614,1.2224086707486672,1.9260723424341364,3.094211700105415
1.1194663062095602,1.2222738543603529,1.9261176419051644,3.0928896116107323
1.1206067820503534,1.2221391180907222,1.9261629095086568,3.0915691232371723
1.1217465675249085,1.2220044619151793,1.9262081453351765,3.0902502330474246
1.1228856630511403,1.2218698858087593,1.9262533494740897,3.088932939108017
1.12402406904671,1.2217353897461352,1.9262985220135842,3.087617239485978
1.1251617859290257,1.2216009737016233,1.9263436630406885,3.086303132252461
1.1262988141152424,1.2214666376491907,1.9263887726412898,3.0849906154796485
1.1274351540222622,1.2213323815624604,1.9264338509001528,3.0836796872427286
1.1285708060667352,1.2211982054147172,1.9264788979009366,3.082370345618786
1.1297057706650584,1.2210641091789145,1.9265239137262133,3.081062588687656
1.1308400482333767,1.2209300928276792,1.9265688984574845,3.0797564145312584
1.131973639187583,1.2207961563333178,1.9266138521751988,3.0784518212340086
1.133106543943318,1.220662299667822,1.9266587749587678,3.077148806882665
1.1342387629159705,1.220528522802874,1.9267036668865838,3.075847369565821
1.135370296520678,1.220394825709852,1.9267485280360348,3.074547507374722
1.1365011451723261,1.220261208359836,1.926793358483521,3.0732492184034585
1.1376313092855492,1.2201276707236124,1.9268381583044705,3.0719525007472743
1.1387607892747302,1.2199942127716794,1.926882927573354,3.0706573525048766
1.1398895855540014,1.2198608344742523,1.9269276663637016,3.0693637717765525
1.141017698537244,1.219727535801268,1.926972374748116,3.0680717566648905
1.1421451286380884,1.2195943167223908,1.927017052798288,3.066781305275134
1.1432718762699143,1.2194611772070163,1.927061700585011,3.0654924157149255
1.1443979418458514,1.2193281172242767,1.9271063181781956,3.064205086093614
1.1455233257787787,1.2191951367430454,1.927150905646882,3.062919314523179
1.1466480284813252,1.2190622357319414,1.9271954630592563,3.0616350991181345
1.1477720503658702,1.2189294141593343,1.9272399904826614,3.06035243799487
1.1488953918445426,1.218796671993348,1.9272844879836124,3.059071329272095
1.1500180533292224,1.2186640092018661,1.9273289556278088,3.05779177107099
1.1511400352315395,1.2185314257525355,1.9273733934801474,3.0565137615149274
1.1522613379628748,1.2183989216127704,1.9274178016047352,3.0552372987296215
1.1533819619343597,1.2182664967497576,1.927462180064902,3.0539623808429126
1.154501907556877,1.2181341511304595,1.9275065289232127,3.0526890059849228
1.1556211752410601,1.218001884721619,1.9275508482414787,3.0514171722882146
1.1567397653972942,1.2178696974897625,1.9275951380807712,3.0501468778875194
1.1578576784357155,1.217737589401205,1.9276393985014315,3.048878120919812
1.1589749147662123,1.217605560422053,1.9276836295630837,3.0476108995240594
1.160091474798424,1.2174736105182087,1.927727831324645,3.046345211841772
1.1612073589417422,1.2173417396553736,1.927772003844338,3.0450810560171853
1.1623225676053106,1.2172099477990526,1.9278161471797006,3.0438184301956075
1.1634371011980251,1.2170782349145568,1.9278602613875977,3.042557332525701
1.1645509601285338,1.216946600967008,1.927904346524231,3.0412977611575935
1.1656641448052372,1.2168150459213414,1.92794840264515,3.0400397142440267
1.1667766556362889,1.2166835697423093,1.9279924298052629,3.038783189940518
1.1678884930295947,1.216552172394485,1.9280364280588451,3.037528186403564
1.168999657392814,1.2164208538422654,1.9280803974595508,3.0362747017926854
1.1701101491333592,1.2162896140498745,1.928124338060422,3.0350227342697553
1.1712199686583953,1.2161584529813667,1.9281682499138983,3.0337722819983566
1.1723291163748413,1.2160273706006302,1.9282121330718265,3.0325233431447236
1.1734375926893696,1.2158963668713896,1.9282559875854697,3.0312759158771483
1.1745453980084066,1.2157654417572095,1.9282998135055167,3.030029998366032
1.1756525327381322,1.2156345952214969,1.928343610882091,3.0287855887843667
1.1767589972844803,1.215503827227505,1.9283873797647602,3.027542685306904
1.1778647920531393,1.2153731377383354,1.9284311202025437,3.026301286110696
1.1789699174495516,1.2152425267169416,1.9284748322439225,3.0250613893750016
1.1800743738789143,1.2151119941261308,1.9285185159368468,3.0238229932819345
1.1811781617461792,1.2149815399285682,1.9285621713287446,3.0225860960146878
1.1822812814560524,1.214851164086778,1.9286057984665304,3.021350695759437
1.1833837334129953,1.214720866563148,1.9286493973966123,3.020116790704589
1.1844855180212244,1.2145906473199304,1.9286929681649012,3.0188843790398816
1.1855866356847111,1.2144605063192457,1.9287365108168177,3.0176534589585757
1.1866870868071826,1.214330443523085,1.9287800253973,3.016424028654878
1.1877868717921214,1.214200458893312,1.9288235119508117,3.015196086325701
1.1888859910427658,1.2140705523916657,1.928866970521349,3.013969630170766
1.1899844449621098,1.2139407239797635,1.9289104011524485,3.012744658390625
1.1910822339529032,1.213810973619103,1.9289538038871936,3.0115211691889803
1.1921793584176523,1.2136813012710639,1.9289971787682225,3.010299160771828
1.1932758187586194,1.2135517068969115,1.9290405258377348,3.009078631346448
1.1943716153778234,1.2134221904577984,1.929083845137498,3.0078595791230596
1.1954667486770396,1.2132927519147663,1.9291271367088552,3.0066420023134133
1.1965612190578,1.2131633912287487,1.9291704005927306,3.0054258991322604
1.197655026921394,1.2130341083605736,1.9292136368296373,3.0042112677962525
1.198748172668867,1.2129049032709645,1.9292568454596828,3.0029981065234224
1.1998406567010222,1.212775775920543,1.9293000265225755,3.001786413534947
1.2009324794184204,1.2126467262698317,1.9293431800576315,3.0005761870534147
1.2020236412213794,1.2125177542792547,1.9293863061037801,2.9993674253043956
1.2031141425099747,1.2123888599091408,1.9294294046995701,2.998160126515008
1.2042039836840397,1.2122600431197252,1.929472475883176,2.9969542889141922
1.2052931651431655,1.2121313038711512,1.9295155196924036,2.9957499107338244
1.2063816872867013,1.2120026421234722,1.9295585361646956,2.9945469902075255
1.2074695505137545,1.2118740578366536,1.9296015253371375,2.9933455255712045
1.208556755223191,1.211745550970575,1.9296444872464633,2.9921455150624117
1.2096433018136352,1.2116171214850313,1.9296874219290605,2.9909469569217184
1.2107291906834698,1.2114887693397351,1.9297303294209762,2.9897498493910453
1.2118144222308367,1.2113604944943186,1.9297732097579219,2.988554190714492
1.2128989968536363,1.2112322969083344,1.9298160629752787,2.9873599791389496
1.2139829149495287,1.2111041765412582,1.9298588891081028,2.9861672129128705
1.2150661769159325,1.21097613335249,1.9299016881911304,2.984975890286844
1.2161487831500264,1.2108481673013558,1.9299444602587825,2.9837860095138082
1.217230734048748,1.2107202783471094,1.9299872053451703,2.982597568848425
1.218312030008795,1.2105924664489338,1.9300299234840994,2.9814105665481194
1.219392671426625,1.210464731565943,1.9300726147090748,2.980225000871671
1.220472658698455,1.2103370736571828,1.9301152790533058,2.97904087008063
1.2215519922202622,1.2102094926816336,1.9301579165497105,2.9778581724380566
1.222630672387785,1.210081988598211,1.9302005272309197,2.976676906209851
1.2237086995965207,1.2099545613657674,1.9302431111292826,2.9754970696631022
1.2247860742417287,1.2098272109430936,1.93028566827687,2.9743186610676338
1.225862796718428,1.2096999372889203,1.9303281987054794,2.9731416786952605
1.2269388674213986,1.2095727403619192,1.9303707024466388,2.971966120819779
1.2280142867451818,1.2094456201207042,1.9304131795316106,2.9707919857172915
1.22908905508408,1.209318576523834,1.9304556299913966,2.9696192716655854
1.230163172832157,1.2091916095298114,1.9304980538567413,2.9684479769447396
1.231236640383237,1.209064719097087,1.930540451158136,2.9672780998373867
1.2323094581309075,1.208937905184058,1.9305828219258234,2.966109638627099
1.2333816264685162,1.208811167749072,1.9306251661898,2.964942591600709
1.2344531457891734,1.208684506750426,1.9306674839798215,2.9637769570464636
1.2355240164857513,1.2085579221463687,1.9307097753254052,2.9626127332551313
1.236594238950884,1.208431413895102,1.930752040255835,2.961449918518674
1.237663813576968,1.2083049819547818,1.9307942788001633,2.9602885111321293
1.2387327407561626,1.2081786262835186,1.9308364909872162,2.959128509392132
1.2398010208803891,1.20805234683938,1.9308786768455963,2.9579699115975457
1.240868654341332,1.2079261435803905,1.9309208364036858,2.9568127160490776
1.2419356415304386,1.2078000164645333,1.9309629696896504,2.955656921049524
1.2430019828389187,1.2076739654497515,1.9310050767314426,2.95450252490372
1.244067678657746,1.2075479904939486,1.9310471575568044,2.9533495259188225
1.245132729377657,1.2074220915549903,1.9310892121932715,2.9521979224040096
1.2461971353891519,1.2072962685907047,1.9311312406681755,2.9510477126697583
1.2472608970824943,1.2071705215588844,1.9311732430086477,2.94989889502973
1.2483240148477115,1.2070448504172862,1.9312152192416219,2.948751467799038
1.249386489074595,1.2069192551236332,1.9312571693938372,2.9476054292942497
1.2504483201527,1.2067937356356153,1.9312990934918415,2.946460777835697
1.251509508471346,1.2066682919108904,1.931340991561994,2.9453175117436543
1.2525700544196166,1.2065429239070848,1.9313828636304682,2.9441756293417773
1.2536299583863602,1.206417631581795,1.9314247097232549,2.943035128955647
1.2546892207601896,1.2062924148925875,1.9314665298661646,2.941896008912143
1.2557478419294825,1.2061672737970008,1.9315083240848308,2.9407582675411574
1.256805822282381,1.206042208252546,1.931550092404712,2.9396219031734083
1.2578631622067928,1.2059172182167066,1.931591834851095,2.938486914143023
1.2589198620903905,1.2057923036469411,1.9316335514490972,2.9373532987846835
1.259975922320612,1.2056674645006826,1.9316752422236694,2.936221055436669
1.2610313432846605,1.20554270073534,1.9317169071995977,2.9350901824378886
1.2620861253695053,1.2054180123082991,1.9317585464015068,2.933960678129984
1.2631402689618807,1.205293399176923,1.931800159853862,2.9328325408561087
1.2641937744482876,1.2051688612985527,1.931841747580972,2.9317057689624386
1.2652466422149924,1.2050443986305086,1.93188330960699,2.9305803607959446
1.266298872648028,1.2049200111300908,1.9319248459559184,2.9294563147062185
1.2673504661331934,1.2047956987545798,1.9319663566516088,2.9283336290449524
1.2684014230560539,1.2046714614612373,1.9320078417177653,2.927212302165015
1.2694517438019417,1.2045472992073072,1.9320493011779467,2.9260923324224706
1.2705014287559557,1.2044232119500158,1.9320907350555687,2.9249737181748134
1.2715504783029614,1.204299199646573,1.9321321433739056,2.9238564577811017
1.2725988928275915,1.2041752622541728,1.932173526156093,2.9227405496029126
1.2736466727142461,1.204051399729994,1.9322148834251298,2.9216259920038867
1.2746938183470922,1.2039276120312004,1.9322562152038798,2.920512783349081
1.275740330110064,1.2038038991149425,1.9322975215150742,2.9194009220060195
1.2767862083868642,1.2036802609383572,1.932338802381313,2.918290406344044
1.2778314535609623,1.203556697458569,1.932380057825068,2.9171812347348296
1.278876066015596,1.20343320863269,1.9324212878686837,2.916073405550921
1.2799200461337712,1.2033097944178213,1.9324624925343796,2.9149669171682917
1.2809633942982617,1.2031864547710531,1.932503671844252,2.913861767963787
1.2820061108916094,1.2030631896494655,1.9325448258202762,2.912757956316725
1.283048196296125,1.2029399990101288,1.9325859544843074,2.911655480608111
1.2840896508938877,1.2028168828101047,1.9326270578580833,2.9105543392213775
1.2851304750667452,1.2026938410064458,1.9326681359632258,2.909454530541313
1.2861706691963142,1.2025708735561975,1.9327091888212427,2.9083560529551886
1.2872102336639801,1.2024479804163972,1.9327502164535284,2.9072589048519144
1.288249168850898,1.2023251615440762,1.932791218881367,2.906163084622223
1.2892874751379915,1.2022024168962588,1.9328321961259332,2.9050685906591927
1.2903251529059543,1.2020797464299642,1.932873148208294,2.9039754213575915
1.2913622025352494,1.201957150102206,1.93291407514941,2.902883575114067
1.2923986244061092,1.201834627869993,1.9329549769701382,2.901793050327742
1.2934344188985363,1.20171217969033,1.9329958536912313,2.9007038453986245
1.294469586392303,1.201589805520218,1.9330367053333415,2.89961595872986
1.295504127266952,1.2014675053166548,1.9330775319170206,2.8985293887257404
1.296538041901796,1.201345279036635,1.933118333462722,2.897444133792608
1.297571330675918,1.2012231266371511,1.9331591099908019,2.896360192339026
1.2986039939681717,1.201101048075194,1.9331998615215207,2.8952775627752607
1.2996360321571814,1.200979043307753,1.9332405880750447,2.894196243513311
1.300667445621342,1.200857112291816,1.9332812896714475,2.8931162329676097
1.30169823473882,1.2007352549843708,1.9333219663307106,2.892037529554089
1.302728399887552,1.2006134713424053,1.9333626180727257,2.8909601316908313
1.3037579414452467,1.200491761322907,1.9334032449172955,2.889884037797409
1.3047868597893835,1.2003701248828644,1.9334438468841348,2.8888092462963737
1.3058151552972137,1.2002485619792675,1.9334844239928723,2.887735755610506
1.30684282834576,1.2001270725691073,1.9335249762630515,2.886663564166109
1.307869879311817,1.2000056566093769,1.933565503714132,2.8855926703903734
1.3088963085719512,1.1998843140570714,1.9336060063654905,2.8845230727130247
1.3099221165025008,1.1997630448691892,1.9336464842364227,2.883454769565309
1.3109473034795769,1.1996418490027312,1.9336869373461434,2.8823877593800704
1.3119718698790621,1.199520726414702,1.9337273657137883,2.881322040592874
1.3129958160766122,1.19939967706211,1.9337677693584154,2.8802576116407987
1.314019142447655,1.1992787009019672,1.9338081482990053,2.879194470962415
1.3150418493673914,1.1991577978912906,1.933848502554463,2.878132616998692
1.316063937210795,1.199036967987102,1.9338888321436187,2.8770720481924164
1.3170854063526125,1.198916211146428,1.933929137085229,2.8760127629880055
1.3181062571673636,1.198795527326301,1.9339694173979776,2.874954759832089
1.3191264900293416,1.198674916483759,1.9340096731004766,2.8738980371729137
1.3201461053126127,1.1985543785758463,1.9340499042112673,2.872842593460506
1.3211651033910172,1.1984339135596136,1.934090110748822,2.8717884271473926
1.3221834846381688,1.1983135213921183,1.9341302927315436,2.870735536687256
1.3232012494274552,1.198193202030425,1.9341704501777677,2.869683920536142
1.3242183981320377,1.1980729554316052,1.9342105831057628,2.868633577151406
1.3252349311248521,1.1979527815527389,1.934250691533732,2.8675845049928332
1.3262508487786084,1.1978326803509132,1.9342907754798135,2.8665367025218824
1.3272661514657909,1.1977126517832237,1.9343308349620811,2.8654901682019207
1.3282808395586583,1.1975926958067749,1.934370869998546,2.864444900497962
1.329294913429244,1.1974728123786793,1.9344108806071565,2.86340089787718
1.3303083734493564,1.1973530014560594,1.9344508668058,2.8623581588083495
1.3313212199905786,1.197233262996046,1.9344908286123035,2.861316681762014
1.3323334534242688,1.1971135969557805,1.934530766044434,2.860276465211154
1.3333450741215604,1.1969940032924133,1.9345706791198996,2.859237507629973
1.3343560824533625,1.1968744819631054,1.9346105678563503,2.8581998074946897
1.335366478790359,1.1967550329250276,1.9346504322713793,2.8571633632834743
1.3363762635030099,1.196635656135362,1.9346902723825228,2.8561281734764816
1.3373854369615505,1.1965163515513009,1.9347300882072613,2.8550942365551375
1.3383939995359928,1.196397119130048,1.9347698797630208,2.854061551003246
1.339401951596124,1.1962779588288182,1.9348096470671725,2.85303011530657
1.3404092935115075,1.1961588706048378,1.9348493901370345,2.851999927952025
1.3414160256514835,1.1960398544153452,1.934889108989872,2.850970987428878
1.3424221483851684,1.1959209102175903,1.9349288036428982,2.849943292228032
1.343427662081455,1.1958020379688352,1.9349684741132749,2.848916840842528
1.3444325671090127,1.1956832376263549,1.9350081204181129,2.847891631766593
1.3454368638362884,1.1955645091474363,1.9350477425744737,2.846867663496968
1.346440552631505,1.1954458524893796,1.935087340599369,2.845844934531783
1.3474436338626634,1.195327267609498,1.9351269145097616,2.8448234433711916
1.348446107897541,1.1952087544651175,1.935166464322567,2.8438031885168455
1.3494479751036927,1.195090313013578,1.9352059900546528,2.8427841684728268
1.3504492358484517,1.1949719432122323,1.9352454917228397,2.8417663817444305
1.3514498904989276,1.1948536450184477,1.9352849693439027,2.8407498268389553
1.3524499394220089,1.194735418389605,1.935324422934571,2.8397345022657956
1.3534493829843612,1.1946172632830994,1.9353638525115286,2.838720406535313
1.3544482215524285,1.1944991796563402,1.9354032580914158,2.8377075381608066
1.355446455492433,1.1943811674667515,1.9354426396908282,2.836695895656533
1.356444085170375,1.1942632266717716,1.9354819973263189,2.835685477539061
1.3574411109520335,1.194145357228854,1.9355213310143982,2.8346762823263485
1.358437533202966,1.1940275590954672,1.935560640771534,2.8336683085382406
1.3594333522885083,1.1939098322290944,1.9355999266141528,2.8326615546964207
1.3604285685737758,1.1937921765872348,1.9356391885586401,2.83165601932482
1.3614231824236622,1.1936745921274028,1.935678426621341,2.8306517009483456
1.362417194202841,1.1935570788071284,1.9357176408185601,2.8296485980939368
1.363410604275764,1.193439636583957,1.935756831166563,2.8286467092907945
1.3644034130066636,1.1933222654154507,1.935795997681576,2.8276460330694535
1.3653956207595503,1.1932049652591874,1.9358351403797869,2.8266465679623027
1.3663872278982157,1.193087736072761,1.9358742592773457,2.8256483125036165
1.36737823478623,1.1929705778137818,1.9359133543903646,2.82465126522932
1.368368641786944,1.1928534904398769,1.9359524257349188,2.823655424677019
1.3693584492634883,1.1927364739086896,1.935991473327047,2.822660789386253
1.3703476575787736,1.1926195281778806,1.9360304971827516,2.8216673578985376
1.3713362670954914,1.192502653205127,1.9360694973179993,2.8206751287567773
1.372324278176113,1.1923858489481232,1.9361084737487213,2.8196841005056505
1.3733116911828904,1.1922691153645806,1.9361474264908145,2.818694271691764
1.374298506477857,1.192152452412228,1.9361863555601406,2.8177056408636307
1.3752847244228261,1.1920358600488115,1.9362252609725281,2.816718206571253
1.3762703453793927,1.191919338232095,1.9362641427437715,2.815731967366066
